"","X","White","Black","WhiteElo"
"1",0,"jordanhegel","FCPorto30",1486
"2",1,"edypenichexd","GreatScottPaloAlto",1345
"3",2,"Darlene1702","CraftyCarrot",1890
"4",3,"ArthurHSChess","JamBow",2012
"5",4,"JTEZ10","doudo",2170
"6",5,"RogueTofu","blitzero2006",2078
"7",6,"Rechie_14","DEYAHBEATS",1567
"8",7,"Asafyosef","UnBoRnSoJa",1246
"9",8,"The_Underpromoter","VS-2019",1442
"10",9,"tomo20","pocong_tengen",1801
"11",10,"prf_professor","GenioGenio",1394
"12",11,"Batistao","serinsha",1418
"13",12,"AlpaguTogan","iamvinniev",1864
"14",13,"SmokingBlunder","Amalganius",1117
"15",14,"julianthO","nyengkab_90",2000
"16",15,"Juanochoyocho","ntchesswiner",1332
"17",16,"goodfellabp","haohaojr",985
"18",17,"Brod76","mouhamouha20",1571
"19",18,"thoatte","juancamilocr",1775
"20",19,"CarlomagnoLopezGil","argenis18",1581
"21",20,"salahflah","GeronimoG",1372
"22",21,"swampthang22","duda_kereeen",1671
"23",22,"Chamonze","cost08",1161
"24",23,"apex_elephant","Gauchito13",1420
"25",24,"Ariff2020","danyal_jo0o0n",1707
"26",25,"Umjogadorqualquer","DASLINA",1221
"27",26,"Karim_Ahyayouch","GumerDias",1502
"28",27,"vmsdila","ThorG1",1643
"29",28,"KingLazy","SinRostro",2298
"30",29,"mamex","Alt_Pranto2002",1786
"31",30,"elhelw984","Jane-Z35G",1939
"32",31,"simonkedoh01","garrycusco",2114
"33",32,"Iqbal528","vertumnus",1576
"34",33,"Bonbone","davinciwho",914
"35",34,"Lirim91","yayoOoO",1898
"36",35,"anar_mammadov","irade_siz",2116
"37",36,"littlemills","Borkkie",1401
"38",37,"Sipna-ligo","msod",2455
"39",38,"Ascidzz","Jamel-Hellwig",1948
"40",39,"Richard-15","balapete",1633
"41",40,"farhan_hashim","Honbaime",1515
"42",41,"NativePawn05","Amm_ar_Ali",1389
"43",42,"B_BISNAR","jaksefar",1717
"44",43,"Manya2708","Pawn_Smacker",2753
"45",44,"DE_PRIME_17","sigur94",1437
"46",45,"severniy17","Chagalj",1044
"47",46,"leecher88","Zeekza",1798
"48",47,"erenbgc","yacht187",1333
"49",48,"I_FouL_LCKB","KnoxJM",2001
"50",49,"Sandro_Ladion","LunaKalem",2246
"51",50,"Smox_x","Silhim420",1265
"52",51,"PopovArsenii","helmerfudd",1609
"53",52,"Slanoushien","LuisChess1122",2000
"54",53,"funb880","Juancho_17mega",1558
"55",54,"JamesTimosa","Aminbouka",1747
"56",55,"Torenstr","cancoyote",2384
"57",56,"Glidarn21","Jack1137",1377
"58",57,"Sash17","Cebanova",1548
"59",58,"VoodooDeathray","chujchujchujchujchuj",1461
"60",59,"Pickle101","Daryl_Jefferson",1586
"61",60,"armanger-33","DANILO_PONAY",2145
"62",61,"rapanui379973","AzerRamazanli",1686
"63",62,"bilbao","jogru",2125
"64",63,"Wishfulthinking2025","m_georg",1903
"65",64,"Controlmental","Highblade",2081
"66",65,"moonman2020","TheConfusedPawn",1800
"67",66,"Bennykrik","snebedek",987
"68",67,"PlasmaB83","Meelad_rd2",2091
"69",68,"Champa86","AyubMagTag",1584
"70",69,"ilyasdwat","lucid73",2054
"71",70,"grandpappysteph","Izecio",1819
"72",71,"ConyJuul","to_nawet_nie_on",1950
"73",72,"boberarena","Thinkersaurish",2273
"74",73,"Adintarras","SchegolevAV",1946
"75",74,"tmrtnz","rkx7",1565
"76",75,"MikeHVD","XxHardChessxX",1472
"77",76,"UPSdriver","JoaoDaGoveia",1967
"78",77,"vichesss","Captain_Aze",2172
"79",78,"StickyBandit22","Keidens",1291
"80",79,"pili_123456","rooku2211",1786
"81",80,"yandrimanafe","lucky_star",2004
"82",81,"Artistic_Babysitter","Vikingmed6",1802
"83",82,"Da-Masta420","henryxxx",1399
"84",83,"SuperSpartanMan","El_Gamal",1170
"85",84,"petya1971","Mickdu76",1392
"86",85,"ato_salon","Eliterate",1898
"87",86,"roblensky","SapiensHacks",1532
"88",87,"arianovargas94","EcceHom0",2177
"89",88,"hamdochi","G-nsebl-mchen",1897
"90",89,"Hafrin","x_Leo_x",1768
"91",90,"Daneodonnell","pbry",942
"92",91,"HITACHI99","pancho24581",1503
"93",92,"HBKHuidorHBK","bocian44",2011
"94",93,"Bereterretxe","fadibe78",1219
"95",94,"mcgi2018","igarvel",2449
"96",95,"Come-Rossary","mrrafael",974
"97",96,"magnus-kasparov88","zreerz",1243
"98",97,"SE3F1","justne12",1869
"99",98,"MURZUF","salah250",1727
"100",99,"Yuditea","romanfire",1969
"101",100,"JairoLima23","Blamandag",1604
"102",101,"iNeedAMouse","SeherK",1953
"103",102,"leonn171","Alien_Project",2042
"104",103,"eddiib","easedude",1709
"105",104,"Pro_Manuel","c30e200",1769
"106",105,"mateussalmeida1","Mohamed12345789",1518
"107",106,"purplemug","urielramos",1585
"108",107,"penguinvitamins","RAlekhine",1743
"109",108,"sharathuk","Enormiker",985
"110",109,"Alberto-Rubio","kglarry",2109
"111",110,"maximus01","Vladjaquetiado",1178
"112",111,"felipon12","yemolala",2168
"113",112,"HighELOKingGambit","Mnnglss",1464
"114",113,"InvencibleCarlsen","NGANBA",1957
"115",114,"Wryn74","Arvinjag88",1862
"116",115,"Andrfcp","Maksimon",2119
"117",116,"Rous_K","Yassertinawy",2055
"118",117,"Goditroia","kabashi",2217
"119",118,"PurpleTurtleRabbit","qimari2",2287
"120",119,"Harolide","destroymichaelstack",1354
"121",120,"KasparWD","Lecram27",1346
"122",121,"Essemme","srhn1981",1028
"123",122,"Sametosan","Shubham_Kakde",1770
"124",123,"virtual34","r0ckwell",1565
"125",124,"MrKos","DKomitsky",1739
"126",125,"Adroyab","tigri110",1485
"127",126,"haruhako","yildizhasan",1319
"128",127,"Kirman2005","Fabiosoliz",1389
"129",128,"jonhy_tactic","kimjong2050",2142
"130",129,"Wpfm","Qussai1",1942
"131",130,"liquidness","Heverton_Hauth",1916
"132",131,"yolodqn","Naman009",1781
"133",132,"laosu","Ungernkhan88",1281
"134",133,"WinterBearPark","Havockleader",2107
"135",134,"OffsetAlien","RajMithun",2321
"136",135,"WINNER3030","Richard_Mutt",1728
"137",136,"mauricio_medina","Frankster3838",976
"138",137,"CampeonMundialBullet","profz",2480
"139",138,"CatKingofCharleston","marius_gerum",1606
"140",139,"dragoviron","Shapuchi23",1369
"141",140,"prc42","xmikuu",1139
"142",141,"dmack","OMW2FYQ",1857
"143",142,"Biygunbndegmolcamapi","Hold_Defense_27",1689
"144",143,"GuntherL","Nightmare777791",1147
"145",144,"AIO-57","berrakov12",1940
"146",145,"Gumruyan","tysundo",1967
"147",146,"waleed1986","jgmmarentek",2193
"148",147,"fastone_2020","mustfahusua",2150
"149",148,"nicolasabdala","sebastian_teclalux",1576
"150",149,"iamentropybro","Reza2850",2174
"151",150,"birinhajr","rerererarara",2073
"152",151,"Roseberline","K-SLEN",1914
"153",152,"vibesonvibess","Royaluba2905",2178
"154",153,"Antonlicey1","Efrain_Monterrosas",1734
"155",154,"Sybron","force69",1683
"156",155,"Trompicon","LostCookie",2012
"157",156,"Arthur1948","DRodchess",1718
"158",157,"doublemind","baltos_zavlianes",1642
"159",158,"K01100111","veysia",1416
"160",159,"Avanti1914","ElyShuri",2375
"161",160,"Cragga","Ozgurds",1627
"162",161,"Bigboss76","dejilee",1457
"163",162,"LivinyaLivisarani","cheebs",1097
"164",163,"fabioferasa","ar-jam",1859
"165",164,"dentist33","OjvindLoveby",1284
"166",165,"SneakyCONSTRICTOR","Fauxpawn",2032
"167",166,"mlaue","ilrvm",2019
"168",167,"LuvOuuMuchhhh0309","wjthiru",1588
"169",168,"luckyb34","theriseandfall",2010
"170",169,"Sam_marinella","kianosh12",1927
"171",170,"maia9","dwbcampbell",1670
"172",171,"taper1","madorna75",1876
"173",172,"schnecken_bot","sargon-1ply",1170
"174",173,"molig27759","SuperManPerseo",1677
"175",174,"RasulDarwisy","toolarge4life",1066
"176",175,"lionael","jbautista3030",1629
"177",176,"kutrang15554","sinx001",1320
"178",177,"bitolski","Ronimulyana",2019
"179",178,"farzin_nmn","MaciejK87",1326
"180",179,"morgana234","rorani",975
"181",180,"MvTrojanz","nikki_st",1153
"182",181,"zorrovaz","bishob69",2052
"183",182,"Cristian05Pro","PuppetKing23",1821
"184",183,"chesma9","chessbaj",1476
"185",184,"Prinex","oguzhan_19",1509
"186",185,"Yekiro","barbaramat",970
"187",186,"PourEts1","David_Perez_Veliz",1477
"188",187,"egosys","Haithamelsokary",1903
"189",188,"sanchezd","zibi68",1485
"190",189,"Zuhar77","moises_m_m",1275
"191",190,"bandit71","Borjita123_1",782
"192",191,"iMacJak","FilhodeAlly",1534
"193",192,"Aise10chess","machixxx",1876
"194",193,"shammasbk","Arkadian",1608
"195",194,"ijkhurana","ANadahalli",1768
"196",195,"chinkeexd","Gart117",1422
"197",196,"AdamNotEve","Melquisedet89",2221
"198",197,"Moonchips","SeanH7532",1625
"199",198,"Kanarinac94","Ibrabouss",2045
"200",199,"Umusbhi","Programma",2131
"201",200,"scttbdrck","DarkHolee",1040
"202",201,"AtlasTD","mawadboro",1591
"203",202,"akentokan","esmeraldasyahir2003",2412
"204",203,"yog-sothot","perceval94",2247
"205",204,"nunc_75","DSchlachter",1710
"206",205,"wheato96","Willy00890",1910
"207",206,"Lilpiri","namssso",1301
"208",207,"Jong17","Pferraiol",1382
"209",208,"Alexander98chess","Prommbeer",932
"210",209,"ManChessTerrible","HeronFA",1478
"211",210,"johan3333","filimiyeme",1659
"212",211,"nnoorrllddeenn","StefanD4",2039
"213",212,"FujiiKaze","Alpinanc",1961
"214",213,"Hosein_gh_kh","Debastad",1914
"215",214,"Capasha","qosai500",1536
"216",215,"CHESS-STING","pavery",1697
"217",216,"Amjad2011","Prof_Osama",2059
"218",217,"AinseilGato","Bato_Parshinov2000",1945
"219",218,"miperri","Delcastillogil",1973
"220",219,"dago2018","VelvetUnderground",2141
"221",220,"Salomonxxi","cesarnava",1964
"222",221,"agedwhitecheddar","Jilz",2121
"223",222,"Eleorema","PhilipJayFry",2284
"224",223,"ComeToBaba1","KhnkEvgnViktr",2111
"225",224,"Justaknight","rakipdede1",1947
"226",225,"tukaka246","falejos",2037
"227",226,"kvd2506","Denny2023",2002
"228",227,"Sudelede","cebu_prince",1920
"229",228,"IP_Bruhachev_1961","Azizech",1844
"230",229,"Wmiarevalo","skanking",1894
"231",230,"ODINEY","garni1",1814
"232",231,"ArcaD","Geraldochess32",1694
"233",232,"Peon_de_campo","soooomuchtogrind",1736
"234",233,"fernando200605","Erwin99",1631
"235",234,"CodnichRaciny","Alanecuatro",1615
"236",235,"razov","toosoob77",1718
"237",236,"Yohenri","pcdlf",1668
"238",237,"robertrip","Nail1962",1676
"239",238,"Nyati1","AlejandroPert",1890
"240",239,"KingYodeCuba","Citadino",1702
"241",240,"Rahman155","Sanmarov",1791
"242",241,"fat-pawn","chirayureddy0710",1551
"243",242,"Traps_And_Poisons","Gaelhintojosa",1504
"244",243,"ChessPlayer6022","Sasanka_zz",1517
"245",244,"Gallo_Gordo","ThiagoCadena",1386
"246",245,"AratKilo","jefferson8m2s",1389
"247",246,"Predator2","huntiere",1979
"248",247,"VMDG113","Joachoy",1074
"249",248,"poirot0987","Onzii",1475
"250",249,"Visualife","frazzi",2122
"251",250,"anonydx","Zuckerbombe",1895
"252",251,"hunsoulo","coolspikedad",818
"253",252,"Vitamarine","kanikie",1523
"254",253,"LHibiscus2","batdu",1442
"255",254,"Guinness1","Adamharro",1714
"256",255,"checmass","SirTerey",1692
"257",256,"Cambrola","marwan2278",2078
"258",257,"mko123","M_elhrbawy84",1822
"259",258,"fabricio64","sommerrhino",1217
"260",259,"DonAgaleo","ElJuanstyles25",1674
"261",260,"FLINOIS","gloopyglup",832
"262",261,"saadne75","kaymoney12345",1819
"263",262,"spasskanot","FernandoAcevedo",2201
"264",263,"DudeImGui-SaoRosendo","bangvang",2229
"265",264,"Maulin18","tatuazyk",1067
"266",265,"Numan_1v9","MariaSpich",1434
"267",266,"Muchi16","GilbertBBoiserJr",1936
"268",267,"graemeharrison1978","keremgur007",1500
"269",268,"Lucintheblack","bilmiyor-1",1270
"270",269,"Vahai","garzo82",1208
"271",270,"tahsinnpasha","Achillo",1830
"272",271,"willi2002","starrybromine",1821
"273",272,"LePhlaarb","warden23",1466
"274",273,"jotajota1280","Eskamoter",1547
"275",274,"Sarapulov","gusferna58",1348
"276",275,"magnusss_2000","goxu_a",2148
"277",276,"Aetbx","Carlos_Galecio1999",1536
"278",277,"Zigzachu","ZgemboAdislic",2052
"279",278,"slopps77","D_enver",1409
"280",279,"Cypis1987","kinalam",1099
"281",280,"Nekooooo","Altherra",1172
"282",281,"Ishan_2002","matbb",1308
"283",282,"Rogerio2104","dsallman77",1259
"284",283,"Alvarov21","dwapir",1560
"285",284,"Nacarayen","AzureEllcrys",1275
"286",285,"DonVakura","Phobos7",1128
"287",286,"ametsamanci","KendallPiedra262",993
"288",287,"Sudgeruk","Amar_Svobodniy123",1783
"289",288,"BiggieLopez","Mareudiaz",1304
"290",289,"Lil_PriP","Le_swakks",1749
"291",290,"Nateball","Muthukumar79",1616
"292",291,"RNO123","carlosanton58",1946
"293",292,"Arshdua","nunober",1161
"294",293,"pora321","AMS2021",1540
"295",294,"kalin72","skeelove",1560
"296",295,"Splattis","fgaguilar",2159
"297",296,"neverwearpants","DylanMshush",794
"298",297,"Ahmad2029","BloqDes",1781
"299",298,"Objectivist1","Edenilson0401",1445
"300",299,"prodromou87","EtK5",1405
"301",300,"quirkles","Hect_or",1626
"302",301,"Lorena2706","Blazinmate",1497
"303",302,"beforeafter1","yellowdragoon",2617
"304",303,"mrchickenfool","SSayayin",1092
"305",304,"MyKingDumb4aHorse","cafiojoe",1384
"306",305,"ms80444","camoteBicho",1294
"307",306,"Zarkantos","hallithor",1648
"308",307,"Marvsg","zhohye",2036
"309",308,"Aselachamilaamila","Cacheton2020",1508
"310",309,"Omerkaragoz","ichmusskacken69",1073
"311",310,"Chnops","Daniela326",906
"312",311,"rusomania","tbchesss",1911
"313",312,"CamiloV94","truckis27",1299
"314",313,"Korolev_Oleg_77","CarlosCarneiro",2170
"315",314,"marcosjkbrazil","batxe",1561
"316",315,"LeCanadian","AnassZn",1698
"317",316,"inf_T","silaen_03",1713
"318",317,"stoikot","chavipo",1551
"319",318,"Sont4","youcef92",1719
"320",319,"king_Richie","Azoz2020",1599
"321",320,"Blackpony","Paul_Moseri",1894
"322",321,"Vimael","Princepe28",2000
"323",322,"EMMANUEL061720","neftali_mena",867
"324",323,"SuperManzana","LucaPonce",1890
"325",324,"RobertFP","Lempong",1496
"326",325,"Fussballfater","marrob",2074
"327",326,"Piyonuufakgorme","ChileanWizard",1562
"328",327,"robscat","theredemptionarc",2211
"329",328,"Blishelegacy","HuyVietNam",1754
"330",329,"don_vito_76","William_2005",2130
"331",330,"daf1N","FQknight",1598
"332",331,"Bookson","Janozona",966
"333",332,"OpenAIpassivebot","SartC",1458
"334",333,"Fool-of_a-Rook","luizeduardobg",1199
"335",334,"carakura","iigor7",1857
"336",335,"blindfoldcheese","Araujo2020",2146
"337",336,"Dzham1l","Batu-0",2162
"338",337,"mohammad_aminudin_a","jmxd09",1389
"339",338,"WyattUnknown","chessorcheckers",1666
"340",339,"potatotomato143","Libya198585",1643
"341",340,"xretas","Superjenium",2260
"342",341,"Cdominguez","mateforyou20",2025
"343",342,"linischoki","DxvidChiZ",2065
"344",343,"Carlid","Vladimir-ast",1551
"345",344,"Densinggih","anecdote14",1877
"346",345,"aliansa","Tom2260977",1791
"347",346,"Eisa-zarezadeh","NikolaDubovik",2197
"348",347,"ProfeAlf","Albertolondonoj",1875
"349",348,"valdeshir","Arcuus",1714
"350",349,"Quasii550","Un29mai",1712
"351",350,"honeylemoncayenne","chessknightsbiz",1925
"352",351,"gett-em570","matin_hallaji",1173
"353",352,"coxno","pavelno",2194
"354",353,"Ventur85","aiavci",954
"355",354,"Toromoreno","CoachShawn",2278
"356",355,"haavis","ismailugurlu",1262
"357",356,"tibi23","Xestomic",2205
"358",357,"beeron_blanders","Daryl_Jefferson",1476
"359",358,"Constelacioneta","jfi1994",1410
"360",359,"uyoloyu","Pluviophile",1808
"361",360,"CPTsopiens","stemapal",1989
"362",361,"ozkan1974","JMJWilson",1435
"363",362,"Orororu","guerrerodelajedrez",1655
"364",363,"anrede","axelg123",1260
"365",364,"Ace314","Umbuyusman19",1974
"366",365,"tomahta","thenew86",1101
"367",366,"cenkin1122","homieofthelord",1706
"368",367,"Carafafelipee","JUANJOSEVILLEGASH",1703
"369",368,"batilkatalaga","Samuray79",1993
"370",369,"t1hasan","AFOMI1",1386
"371",370,"CristianSing","aruzd",1921
"372",371,"GAZA_ZIM","Tomcsi",2141
"373",372,"Sijavush","laviateur",2444
"374",373,"deenoes","poixd2do",1568
"375",374,"ashorey","KORYO75",1223
"376",375,"Alfred108","etecua",1659
"377",376,"zombakk","bfox",1788
"378",377,"zebazakia","Taalibi",2182
"379",378,"jnoonan","EtshoEtsho",1082
"380",379,"Impactoprofundo","manao02",2221
"381",380,"Shetranj","Javierjepeja",1511
"382",381,"HenriqueMP16_IF-SR","e90black",1566
"383",382,"Samehelsayed39","ELDbaba",2299
"384",383,"Ahmedrezk90","aboalijamos",1595
"385",384,"davegdave","Lesterdgreat",1222
"386",385,"sevensamurailizard","InnateDistress",2001
"387",386,"AlfaZero2021","Rodorigofide",2367
"388",387,"adildoc3","Ymanpown_GM",1846
"389",388,"Raimundo25","Zabur",2167
"390",389,"Sword_One","Tygeeeeeer86",1644
"391",390,"TwobyTwobyTwo","ViperaBacillo",1732
"392",391,"vinzent1","philio",1881
"393",392,"KasparovSharapova","CarlosSoares",1432
"394",393,"BearBrand","tomkruz888",2114
"395",394,"xArticaChess","Kezular",1361
"396",395,"dxryll","Champignonek",1619
"397",396,"Truderinger","moftahsaleh",1661
"398",397,"Reelo","edervise",2127
"399",398,"Ara052","rakan91",1385
"400",399,"Bahrami1366","ReiQueFoje",1268
"401",400,"AnneOy","UEP_Catarman2001",1783
"402",401,"SquishyBert","kemo1233",1826
"403",402,"Andre_fonseca28","donkeychopps",1866
"404",403,"DonutsAndBeer","markhana",1326
"405",404,"LutaBoy","SovetnikOxotnik",2001
"406",405,"troyzabadani","il_sharko",2115
"407",406,"RossPoldark44","Jukaya",1845
"408",407,"Jaycyafrodita1312","ikeandas",1558
"409",408,"TorresEnSeptima","Maria-es-una-fresa",2105
"410",409,"PacificadorMB28","Rubenales",1943
"411",410,"Luis0000","arnau_mejia2",2296
"412",411,"stevethepyrate","luciferakuma",1010
"413",412,"domore","Diegochess79",2372
"414",413,"heinrich1966","Bellograndmestre",1885
"415",414,"zhepkovitalij","LeideMorphy",1698
"416",415,"CkuMurat","CrowsFeet",900
"417",416,"Naghav_a3","Christhiam",1443
"418",417,"Earth58","iChessNoob",1911
"419",418,"Sjamandulrik","ChessMoney",1344
"420",419,"Alcibia","Sajonia",1706
"421",420,"NochoGs","pab-l0",1671
"422",421,"gedimar","dewa966",1849
"423",422,"horse_bite","Smittycent",1129
"424",423,"mohammad20087","rfranc",1265
"425",424,"dylandil233","ltm1995",1571
"426",425,"USA1981","jeff_lagos77",1799
"427",426,"earlpogi2003","Solowchigo",1612
"428",427,"Rualangel","totoff",2316
"429",428,"marc03041961","oz4nbey",1051
"430",429,"Fabio-LP","sambal_pedas",1944
"431",430,"rsmoule","Hobgg",1756
"432",431,"tajir512","Yeko2022",1835
"433",432,"soup-a-man","Batyr_Dzhankezov",1745
"434",433,"BIMBA20","Star_Platinum_TW",1969
"435",434,"pawn_grabb3r","Enkhee9999",1892
"436",435,"Al3xandr","madruga123",1852
"437",436,"Ronito2020","David121289E",1903
"438",437,"Juara_Ciwaru","HuevitoRey18",1897
"439",438,"nakaji","newtuciclo",1768
"440",439,"rainzote15","leonynigo24",1878
"441",440,"Robnochi","kamelzup25",1732
"442",441,"Pickelkroete","RaidersoftheStorm",1811
"443",442,"fwc36","Mikhail_Todorov",1929
"444",443,"Cachoeira_Ba","CaylieBabe",1738
"445",444,"durell369","Mudaheasy123",1882
"446",445,"Vagon41","gblcia",1942
"447",446,"jasb5708","amadeus1962",1781
"448",447,"aguscaki","LPK25",1693
"449",448,"syrinx24","MrWaffle23",913
"450",449,"Gunsin","xj479",1696
"451",450,"tollon","Giosue77",1110
"452",451,"Teumessischer_Fuchs","BobbyFischu",1542
"453",452,"Palavecino","Katzenrosi",1342
"454",453,"Ntinos_72","PavelStolbov",1474
"455",454,"bdfn","Equalegitimo",2145
"456",455,"lermatjas","Kh_cesc",1226
"457",456,"jamal26","PermyakovP",1474
"458",457,"Devilh12","Nithyanantham",855
"459",458,"RdColtt","reginaldolima",1726
"460",459,"RickMGcxnl","engenheirochess",1596
"461",460,"EdOmar246","Champeon1987",2077
"462",461,"sfqsaterr","Hoegi",2086
"463",462,"tincho333","soyphenomm",1796
"464",463,"kungue","ERDoc-InovaHospital",2043
"465",464,"Goo_Trainer","Wittgensein",1919
"466",465,"Farodriguez","reza13681989",1925
"467",466,"mindstone34","NefedovMySurname",2195
"468",467,"Demente63","Skvo11",1946
"469",468,"Nikitin_MS","DgD66",2284
"470",469,"Pawnduster","Unrevealed_Z",1952
"471",470,"VaibhavLM10","aWarmNut",1965
"472",471,"vitaminccc","PrasadVanjale",2189
"473",472,"beliviski","nite_mate",1651
"474",473,"ItsOverNeverBegan","RobinKjaer",2284
"475",474,"cjcb02","kon_stan",2320
"476",475,"keremkrc","Nestor_Rosario",1364
"477",476,"djabellou","kil1mi",1603
"478",477,"koty_koziavki","Alexis1994",2599
"479",478,"OnlySuemm","AdriGre",2152
"480",479,"ArjaycBernardo","asrhiuesa",1901
"481",480,"Acquilar","GilLibu",1834
"482",481,"Arahek","TerraK",1546
"483",482,"Eye_inthe_Sky","akshay18",1847
"484",483,"ekg15","Akhiles",1827
"485",484,"OscarValdivia_ESIP","Vicenteviolini",1625
"486",485,"Soulreaper2","Luis_Jumbo_Granda",1277
"487",486,"d6goz","KARABEY55",1491
"488",487,"nonaldononal2","ElnurGasimbeyli",1616
"489",488,"JimHickey222","MightFail_Tal",1771
"490",489,"mateo_ej","M7modQ",1593
"491",490,"HADbrc","esia81",1736
"492",491,"vLPAWNEE","WontStop",1818
"493",492,"devkrishan260860","sidneydarepi",1925
"494",493,"Streetime","Aleksandr121258",1726
"495",494,"Andreslr313131","cualpuedo",1637
"496",495,"johncorlett","Rorro67",1208
"497",496,"moha12med","absolutegoist",1658
"498",497,"mohamad202020","Rameshwar244",2014
"499",498,"isolatedproton","GyanChandSharma",1965
"500",499,"Fer_Kauil","mihmih1",1300
"501",500,"Yorli","IHope0",2136
"502",501,"Nicolaifrost","TheFreddyGambit",1079
"503",502,"Nerdi2008","InTheGym2021",2149
"504",503,"theboyblunder76","neri_jass",1487
"505",504,"twizlok","rmboemer",1035
"506",505,"paint-95","Coolets",1485
"507",506,"Fromadrycamel","Karavaha",2146
"508",507,"slogmyth","kryspolkino",1758
"509",508,"erich1982","LuisManuelDias",1714
"510",509,"Step58","andy80",2134
"511",510,"nibiyabi","Desmo7",1319
"512",511,"efuzy","ngagary",1571
"513",512,"Sanan74","ialwayslose1234",1691
"514",513,"Gao_Le","MrZapiain",1392
"515",514,"CandySugar","lazario",1627
"516",515,"always_blunder","OtizDeAvid",1494
"517",516,"grooble","le4onel",1525
"518",517,"incerman","Manestor2",1214
"519",518,"carlos_vilchis_lover","EmmanoRuff",1004
"520",519,"jfjhffgjhfhjf","galwaydla",1445
"521",520,"casuallychess","DE-ASSHI-BARAI",2749
"522",521,"ChessNinja23","chessplayerfrmtrky",878
"523",522,"Gambit_15","ajedrez_de_mi_vida",2023
"524",523,"virility","MmirandaG",2274
"525",524,"AnimalTk","BeholdG4",1748
"526",525,"Hfy","LAAM22",1563
"527",526,"Dangarov","Noydb",1827
"528",527,"Eihab4719855","Atoysman",1319
"529",528,"ravikiranshelly","mikey826_2",1979
"530",529,"erict3","martinnyaga",1174
"531",530,"BigDaddyDom","IAmBenjii",973
"532",531,"RickyHunter","Romulo97",1880
"533",532,"April202317","fodahsi8wgw",1115
"534",533,"t347-827-9329","averbak",1012
"535",534,"Yasmarisoto","anatolij_921",2010
"536",535,"SantosBarrios","SupineMoonshine",2717
"537",536,"alanlima1","BBWill",2308
"538",537,"eugene182","Cavid_Baku",1825
"539",538,"Pause-Echecs","Viennaconcert",2256
"540",539,"eray_bavas","Xilvorn",1064
"541",540,"Queen-Bou","bubtubus",1815
"542",541,"G-nsebl-mchen","odlinovi",1887
"543",542,"m1ke1ange1o","GFBJJ7",1851
"544",543,"Khalilog2","newbie2421",1790
"545",544,"sdeko","matusss24",1048
"546",545,"Yaniyy","gizzywhizzy",1364
"547",546,"Sweet_candy_10","Jppineda",1948
"548",547,"OmerfarukARI","veysia",1444
"549",548,"SchS","JafarFromAfar",2280
"550",549,"Abelgamerxxz","Freddy_chess",1742
"551",550,"umuteldem","Ma_issa",1668
"552",551,"CALLME2020","jeekofikeja",2035
"553",552,"DesirefulDreamer","MAX2904",2286
"554",553,"BernardJude","Ndizvoh",1698
"555",554,"EJRF_07","b3d3g3",2373
"556",555,"aqeel","JasperL",1239
"557",556,"faouf","gsgsth",1514
"558",557,"Bosschess0","nohompoo",1613
"559",558,"Yassinecp","IzumiTzy",1816
"560",559,"talisman05","SegonBermuda",1756
"561",560,"martin73_01","DavsR",1054
"562",561,"Duro_de_Matar","Raihimal",2071
"563",562,"ddorian","UmerLouisStevenson",1133
"564",563,"ADevil1982","Chandrovik",1500
"565",564,"Balentine","ZenModex",1256
"566",565,"badranyverdcolona","Sinistro_MS",1986
"567",566,"exp13","ycdonut",1330
"568",567,"raining_rooks","Nuri4774",1205
"569",568,"Funtomass","vicktoortumbao",1339
"570",569,"KodaPhoenixis","PrinceMyshkin24",1388
"571",570,"Oleggordei4uk","Larry_baba1",1605
"572",571,"jdhy","xalier312",1764
"573",572,"ds-2020","ErtonBadjuka",1968
"574",573,"Samuel122","Wetbomw",1636
"575",574,"Flo_30","bigtaste",1082
"576",575,"and_kul","p3dx0",895
"577",576,"WyattUnknown","Alexander-Gavilan",1671
"578",577,"RandySofanor","Fuleiro83",2160
"579",578,"julianpaulq21","Chess_Lunatic",2357
"580",579,"MariamJ","Alex8ar",1810
"581",580,"BigBoss_AMJ","Memelanto",1426
"582",581,"Slow_Owl","chesssprodigy",2445
"583",582,"julioc2012","ilvikingo",1282
"584",583,"Arnaud-Chess-Master","mr_hastalavista",1427
"585",584,"Longinus","Zeezagenie",1900
"586",585,"mabdollahnezhad","Adlizein11",1008
"587",586,"GTAkers","SnookSlayer",1085
"588",587,"Cpku","nolavi77",1331
"589",588,"Hangalves","hatcxx",990
"590",589,"asdshq","paturebakid",2084
"591",590,"McZumbe","Hahhahahhaha",1176
"592",591,"mohamedlovell","capisimo",1795
"593",592,"Little_Hater","blunderrama",922
"594",593,"Kana_kanatych","PaloAlto",1835
"595",594,"Prince-Albert","Russian_Assassin",1402
"596",595,"BlunderBoy101","kmacfarlan",1570
"597",596,"MohammedAbdElmonem","TMV4409",1542
"598",597,"BaxterCat07","emda41",1133
"599",598,"Orlandoernesto","Capttax",1989
"600",599,"chesstpb","kobijer7",1461
"601",600,"Hairyknight","backwards78",1638
"602",601,"Krathos969","Andrejchik1988",1608
"603",602,"A-Haimoura","Suhagrajesh",1416
"604",603,"Oxyjon","Astekz",1216
"605",604,"Megzsc4","rechterhoden",1758
"606",605,"Ozziejoe","JorW123",1919
"607",606,"DaniilGanichev","frei-bauer",990
"608",607,"pippo2pezzi","afshin18",1435
"609",608,"Abukraine_Jkt","Varrittor",1846
"610",609,"Elirio","Leosape",1537
"611",610,"Skywardor","Bang0364",1677
"612",611,"dg101","jdestefano",1231
"613",612,"New_YearS_IO","r_knee",1118
"614",613,"The-reza","failandlearn69",1567
"615",614,"Ejlv1987","que_sera",1489
"616",615,"gokmen1977","MurarikTomas",1163
"617",616,"Pavlik007","fornorason33",1712
"618",617,"aramis2016","khali876",1830
"619",618,"yfc3434","GordanaAthenodoros",1367
"620",619,"hazem1222","Kasa1234KRK",1732
"621",620,"lare_osing","putradepok_chess",2002
"622",621,"EmmanuelJimenez","banane_verte",2837
"623",622,"Pit50","SUPERAKUMA",1949
"624",623,"Orelvysleonabreu","chessector",1576
"625",624,"Neco93","zorromono",2373
"626",625,"alber62","Coheniano",1654
"627",626,"MarFE175","CarlosNoel",1653
"628",627,"LordBaron","mezolitmezolitovich",1349
"629",628,"TonisaurioREX","Prawn_5tarrr",1024
"630",629,"JuanChavezz","Ozelle",1946
"631",630,"masterdchess","he1dj",1650
"632",631,"ciara_2122","Daduino",1240
"633",632,"chiz1111","Santaslayer101",2002
"634",633,"Daniel_Castro_08","Morli59",1714
"635",634,"strongrock","JrLanugon",2022
"636",635,"topeye01","Vitae_Geometriae",2185
"637",636,"RodriTorrealvaVilla","samboiii95",1154
"638",637,"Vanpelt36","AndrewParitz",1719
"639",638,"Egeozb","hilrin",1927
"640",639,"CaptainScorp","IgnacioEduardo",1361
"641",640,"Juanchomed","Oernj",1578
"642",641,"Angelexterminador","caleb18888",1700
"643",642,"World_of_chess2013","Adventurer77",2035
"644",643,"resplandor","lueba",1971
"645",644,"IncredibleHulk1","rchin1972",1841
"646",645,"AJEdal","chumbichess",1767
"647",646,"amrolahhdh","Verdesca",1679
"648",647,"juanjovalpo","alperengulten",1982
"649",648,"The_Game_Is_Over","KARPOFFFF",2147
"650",649,"mariosdd","optionsman",1858
"651",650,"Tispi-555","zendrick",1865
"652",651,"aimara","Chef_Stef",1810
"653",652,"JinkxMonsoon59800","Classic_Rovi",2016
"654",653,"BARON68","Rodrigo_Arturo",1935
"655",654,"Fidowski","wojciechsoltysiak",1503
"656",655,"Mennonite","sirwalton90",2076
"657",656,"andrew117","Bearlike",1740
"658",657,"Calderon_Col","Ralph_McNaughton",1576
"659",658,"palakosh","Caballitoazul",1646
"660",659,"gmmono","syd-barrett",2006
"661",660,"Razvan1709","Valonek14",1598
"662",661,"Ciao-Ciao","G16AAB0914",1346
"663",662,"B60935306NOL","Ender12345",1198
"664",663,"amircito04","pandinus_imperator",1076
"665",664,"cachoenigma","SamuelCadena15c",856
"666",665,"spring_broz","alextreme34",1739
"667",666,"NXT93","ccdubz",950
"668",667,"ikemalacara","BlunderRuler",1471
"669",668,"CarpathianKing","BallsagnaU",1956
"670",669,"Miracle_9","casto",2064
"671",670,"Turkishla","potatom3n",1122
"672",671,"lukulelee","AlelaRon",1517
"673",672,"Bonitoboniato","erikitacr",1650
"674",673,"normalmango","ragbatcbi",808
"675",674,"MIUNA","ChessChampions_13",2235
"676",675,"sergi0medina","dawtonlms",2417
"677",676,"Blunderererer","mohitkharkwal",1751
"678",677,"filkloch","sivle-priv",1440
"679",678,"edgardo022002","stealth69",1489
"680",679,"Wheasee","Maatalkko",1965
"681",680,"WilllisTheWeapon","tao1706",2116
"682",681,"abdelrahmanY","kapilumn",1580
"683",682,"srhansk","Ty_Mackall",1615
"684",683,"saidovitch94","Gr8_Baloo",1953
"685",684,"cullum_bree21","Arquiloco_de_Paros",1720
"686",685,"larrygtm","owennichols",1101
"687",686,"DardoMarchand","metrooo69",2011
"688",687,"dreamdim1","DiegoExequielCornejo",2351
"689",688,"nicaru11","amanitamuscaria92",1801
"690",689,"aslan_kral","Shoopdawooper",1456
"691",690,"Shenouda2033","hamadasat7",1272
"692",691,"arteta001","prd62",1811
"693",692,"Rahmi2525","KTV123",1166
"694",693,"monakoluyum","ItsGonnaHurt",2408
"695",694,"D-law","Jung_gun",1819
"696",695,"fabioaristimunho","JuanBrasil",1924
"697",696,"RockMoses","alexmd2",2045
"698",697,"relax001","Amorr96",1663
"699",698,"Fredrixe1","Hayk444",2094
"700",699,"svsli","K01100111",1503
"701",700,"Siettas","bornozumkayip",1115
"702",701,"kurmancii","Velosa01",1204
"703",702,"Turukmakkto","DemotingKings",2123
"704",703,"elpacorepiola","Sauli78",1657
"705",704,"Shakh-Saltan","Tsomebody90",1779
"706",705,"Teofanor","El-Zapato",1688
"707",706,"u194910","Bertilxxxx",1321
"708",707,"elpablo17","danatomsha",624
"709",708,"calsun76","BenOsb",1059
"710",709,"FisheryZ","Monir-Alazhari",1632
"711",710,"WagnerAlexandre","valdclecio",1830
"712",711,"MYMChessJames","jeremy_chess",1715
"713",712,"KatelynL52","MYMChessAngadS",1059
"714",713,"MYMChessZacharyC","MYMChessShawnM",1043
"715",714,"aldahird","yovictor",1766
"716",715,"arrasador318","daisfernandez",2096
"717",716,"hansaguila2013","shori_63",1500
"718",717,"Endej","AndersonBellido",1121
"719",718,"Samisbenko","rubensin",1831
"720",719,"HitanshTammala","kikkiqueen",931
"721",720,"Aracely_ly","oropezaomar",1500
"722",721,"DaiReux","FiFonazo",1500
"723",722,"michelcarranza_8","romivzq",1500
"724",723,"Lizeth2014","marinamtz01",1095
"725",724,"JuanLeoon","Coello",1767
"726",725,"DantePartida","mauriking",1787
"727",726,"DONYISUSROMPEMADRES","EEQC2",1989
"728",727,"Covimaster79","Survical_SG",1686
"729",728,"tonanzy_perezgarcia1","CAMCPERO1222",843
"730",729,"blak_shadow","RodriguezAngelManuel",1420
"731",730,"adan_momero_462","Racsolz21",1245
"732",731,"santi_El1","Estrella_17",1122
"733",732,"lop_velazquez23","el_chiw",1290
"734",733,"F01sarahi09","sofiassan",1500
"735",734,"Leonardosgt1","palomaArredondo",1500
"736",735,"CEDHALFMM","CEDHALVCV",934
"737",736,"CEDHALMMMV","CEDHALAPD",1830
"738",737,"CEDHALCPG","CEDHALJMMV2",1591
"739",738,"CEDHALIGSP","CEDHALLGC",1274
"740",739,"CEDHALAJVC","CEDHALACC",1500
"741",740,"CEDHALDCP","CEDHALINT",712
"742",741,"CEDHALAAT","CEDHALLNM",1500
"743",742,"duranmariafernanda91","MaximoFenix",1047
"744",743,"PROFE12124545","GaelitoRey0",1517
"745",744,"sec1AldoradinRodrigo","erebion3",1296
"746",745,"JOACO123456","JESUSMIGUEL_SP",1131
"747",746,"pinki_pai","Chep3nte",1824
"748",747,"leonardo_castro_6p","MrTiger_27",1036
"749",748,"salvacheesR","Astrid_llerena4prima",948
"750",749,"Gabriel_SoubacL","sec1HuamanraimeAbel",1061
"751",750,"Alex_Vargas15","Adriel_CC_121113",1210
"752",751,"Luisviera2023","victorgabrielcordova",1559
"753",752,"RamsesVI","HydrogenBondz",1782
"754",753,"DutchMagician","Horribleplayer_1",2306
"755",754,"X2WxWveQ6agk6qC","pompacinusret",1729
"756",755,"frezko","Brezhinskiy",1101
"757",756,"NIHILUS1918","BronsteinOnline",1514
"758",757,"thxRito","chipo1969",1891
"759",758,"allahuekberke","Mrtttt",1471
"760",759,"Aleksander_D","Arcticblitz",2249
"761",760,"kirjavascript","oko42",1316
"762",761,"Ne_ymeu_igrat12","SHEPA100",1151
"763",762,"ositobook","cctv_com",2082
"764",763,"omerrasit","RRihu",1833
"765",764,"arniiko","ten_one_ten",866
"766",765,"Brahms17","Odades",1969
"767",766,"LeandroDeRosario","Bhubaneshwar",1579
"768",767,"idontpay","tavakoli-kazem",1076
"769",768,"xcdude24","bjahja",1343
"770",769,"horsethiefff","petr_parr",960
"771",770,"EN_milad_pour","hamdochi",1889
"772",771,"Walnutwine","Zirus6",1764
"773",772,"Herocatur","jazevo",1765
"774",773,"Moznu1997","phiLord",2010
"775",774,"schinchan9350","Nadimtobal",1553
"776",775,"TroutHunter","komokajoe",1692
"777",776,"Op4Me","Bundesliga_fanatic",2156
"778",777,"spartan25","Karedium",1612
"779",778,"janqis","RantzLord",2275
"780",779,"plutonioo","joseph200",2256
"781",780,"nourabdelhadi","Conan01",1954
"782",781,"Nowo_11","GreatestWallofPaul",1968
"783",782,"Natschlic14","Antonelllo",2124
"784",783,"Casshe","Blackheart777",835
"785",784,"Obliviomn","ConyJuul",1929
"786",785,"Sabclaro","K_haslund",1522
"787",786,"deathnomad","panda27",1599
"788",787,"milos112","PaulieGualtierri",1540
"789",788,"menschenfresser","SergioRV",1471
"790",789,"Doogmen","walubita",1860
"791",790,"bilelbolbol12","Checkart",1350
"792",791,"sonza","fen88r",1707
"793",792,"Pittsburgh66","Protonteampro",2535
"794",793,"fjdccc_0-0","ultimatemachine",1992
"795",794,"MohammedAlHussari","Pravinm16",1601
"796",795,"monkey_wrench","reitor",1876
"797",796,"IDLEH2017","ElectricZen",1599
"798",797,"Al021287","K4rmav",1460
"799",798,"dolphine13","Johnsonfreeman",1151
"800",799,"briteshadow","Lera2023",1486
"801",800,"TRAZIMAKO","teeboi",1277
"802",801,"cakem","RaFigs",1561
"803",802,"robespierre1","kryptoobrazycz",1091
"804",803,"kika79s","luis77caiman",1642
"805",804,"v55123","donnelljon",2006
"806",805,"Sickbock","aryakemuning",1766
"807",806,"fedoric","waled27",2087
"808",807,"bash5","Cabo_Bews",1192
"809",808,"eddi1996","luorfaca",1486
"810",809,"Jalapawno","JediSoHigh",1276
"811",810,"aetaris","rocoide",1904
"812",811,"saadkilany","E_Retanal",2093
"813",812,"jhapi","Sweet_D",1420
"814",813,"Eduuuu4","AkkourAbderrahim",2164
"815",814,"Aria2263","Omeral",1628
"816",815,"Griffin_2100","BongArdiente",2103
"817",816,"ralgrado","juadpuca",1665
"818",817,"Molamin","boroda_castro",1391
"819",818,"acobardao","SussybakaIsSus",1485
"820",819,"brachiosaurus","Croquette1449",1863
"821",820,"IneXoravel","OFUR",974
"822",821,"cserick7","esplanade64",1563
"823",822,"Gorilla_Zippo","laulit",1634
"824",823,"Eugene_Lionel","dorvich",1803
"825",824,"usefor","JaqueQueVEO",1999
"826",825,"GIOVANE0110","jorgeAmadoBrasil",617
"827",826,"dark-death","A0square",2034
"828",827,"excalibr","DDF-22",2142
"829",828,"Liquidacionporrebaja","arshverma",2101
"830",829,"timur86","zzz0536",1512
"831",830,"tonyrocha","Elgranchess",1728
"832",831,"ND1964","Jahudnkkagkkg",1418
"833",832,"aangra77","Farooque_Ahmed",1223
"834",833,"LuisAlejandrochess","solariskay",2075
"835",834,"Kiddodegreat","sweo",1697
"836",835,"X15CrNiSi25-21","EMAR_GM",2417
"837",836,"Blakout","ratjuice74",1316
"838",837,"aureus123","DeceptivelyAligned",1929
"839",838,"woods119","mykure11",1447
"840",839,"surovlive","KSAChessMaster",1922
"841",840,"Blackhorse257","kotsenko",1742
"842",841,"Jj1Jj","sen1947",1445
"843",842,"FischerGroyper","Ramin1347",1158
"844",843,"AlfrEd7020","Marcos_Fisher",2130
"845",844,"no-one-has-a-slice","noaka",847
"846",845,"lifeton","WillianFernando",1845
"847",846,"EduMate","egiMadiun",2322
"848",847,"dan84savant","nawaf_7745",1678
"849",848,"FDACH00","TatiMr97",1284
"850",849,"DrDreadnought","thecastlingking",1753
"851",850,"Eniseus","Peste360",1369
"852",851,"bliss_popcorn","Prince2292006",1080
"853",852,"TONYSISA","ywoube",951
"854",853,"HasanIbrahim2468","MURF663",1213
"855",854,"Britto4","olvr_thms",1933
"856",855,"aboelhamail","Bendalf",1631
"857",856,"elMaloGana","KptnE",1856
"858",857,"meganiksel","PAPA_777",2532
"859",858,"DrArdi","LyS_Hiena",2081
"860",859,"AriaK1997","asallon78",1519
"861",860,"Erdinc69","suctionprints",1449
"862",861,"quicksilver666","If_u_can",1508
"863",862,"preza1","MerinoD_16",2020
"864",863,"nicklasSu","vincentchinedu1988",1678
"865",864,"aapv","Monox20403",1577
"866",865,"BANEGUITAS","Gpakoh",1228
"867",866,"Meek_T","Jay_kin",1581
"868",867,"Tricerapantsu","huevotello",1437
"869",868,"kingAsoka","D841",1917
"870",869,"ETback2Chess","litTlEcUTeMonSTEr",1402
"871",870,"Joe136","elmozahn",1614
"872",871,"joe1982","mohamed-amin",1318
"873",872,"tarekalasad","T-Oni",1515
"874",873,"Pawnmebro","Naoufel560",1367
"875",874,"suchin292","ricmari88",1639
"876",875,"icad123","acechoof",1019
"877",876,"Joluvilu71","kkkreni",1665
"878",877,"rejongg","Zaky369",1293
"879",878,"ExternalHDD","Yo_One",790
"880",879,"Ernesto1203","Laxdeepsinh",1839
"881",880,"lalamoves54","Saphixs",1634
"882",881,"HaroldVen06","iddo",2175
"883",882,"zerihh","Hamzaas",1621
"884",883,"ahmetrekop","FreeOnlinePawn",1923
"885",884,"DATV75","Boki4444",1877
"886",885,"SUTHEY2","Elcaballasno",1264
"887",886,"twrobel3d","Magicianfromvilla15",2227
"888",887,"HEKOXDDD","eaglethor",798
"889",888,"ranieboy","Okeke22",1234
"890",889,"M1KE_1","PeculiarKnight",1740
"891",890,"Nasir79681","difficult1987",1687
"892",891,"rmendes","ahmedsharaf22",1551
"893",892,"mbp223","KmDavid",1389
"894",893,"Sefie","Luminion",1327
"895",894,"LUIXMIX","BIBA71",1840
"896",895,"paulocesardelvalle","Nurdaulet0222",1586
"897",896,"Elias40-1","RaogoWed",1298
"898",897,"shironeko77","chelvy_0576",1080
"899",898,"xCrAsHx","giulianoiii",1513
"900",899,"shkreybo","yatecojo",1788
"901",900,"ChessApprentis2023","dirtnap1337",2005
"902",901,"haohaojr","JJTAMEZ",1060
"903",902,"Boscilok","Moisesfit",1815
"904",903,"T91762","Alidore",1693
"905",904,"RDRDR","Nicolas123433",1424
"906",905,"Mondozo","jeanmichel0",1782
"907",906,"wilce","Commissariswitse",1880
"908",907,"frei-bauer","zamaerh",997
"909",908,"Sparrow176","Patricio47",1562
"910",909,"booh-o-wotah","diyarupesh15",1161
"911",910,"vm55555","CosmicChess123",1298
"912",911,"CubicKnightInSpace","pzpz",2120
"913",912,"Alfredolc","Joe_joan",1831
"914",913,"AJMINK","AlexanderKukolev",1853
"915",914,"rosstar77","BOB1971",1757
"916",915,"galwaydla","Beiker2609",1224
"917",916,"mkarim98","Dementiy0",1406
"918",917,"alinspawn","iuzi",1720
"919",918,"LivelyUp","wader323",1213
"920",919,"theriseandfall","luckyb34",2076
"921",920,"adarive","MatosHebert",1214
"922",921,"Cruel_Beast","Labimon",1788
"923",922,"rzbrzotrz","baro_usta61",1619
"924",923,"alirezamirzaee331515","DiegoQ04",1455
"925",924,"sparvath","marvi135000",1659
"926",925,"emktlr","Horvack",1378
"927",926,"Khannesjo","Boon89",1900
"928",927,"The_Conquerorrr","Olympus4",1778
"929",928,"fdjkdf","electropenguin",1308
"930",929,"shetewy165","gbogzes",1703
"931",930,"RaycelVarelaMantecon","excelboy",2063
"932",931,"glizzydad666","wattfan234",1120
"933",932,"meziu","dimad174",1581
"934",933,"zaavalhojinooo1000","AndriiTretiakov",1785
"935",934,"DH427","Elloll",2191
"936",935,"xodnsp6598","Berkayaykut1",1422
"937",936,"magotago","rock6321",1195
"938",937,"chuchoke","Sharonluver",1618
"939",938,"Arazil2010","JenkemDreams",1763
"940",939,"roberthouten","GoodRooks",1535
"941",940,"zafer8","Daynier777",1826
"942",941,"appropriato","Joserriv",1016
"943",942,"rekh","ltcobra",1181
"944",943,"adeyemi037","GideonChess",1792
"945",944,"Martel_02","Qranger2298",1218
"946",945,"yerebatan","Jhonatan5380",836
"947",946,"Alisp69","alfildebuin",1278
"948",947,"Mayela2023","opponentofyou",2299
"949",948,"vilchola","ajedor007",2061
"950",949,"IwannaTakashawa","SU06919200",1574
"951",950,"Drcanaya","Master_Beat",2046
"952",951,"jim456","m_amar2",1709
"953",952,"westsideskateshop","jasonpsweeney",1565
"954",953,"daniChicago33Bulls","Nihnhall33",1226
"955",954,"porrrwal","RexBuena",1751
"956",955,"katzinski3","scipioafri",1377
"957",956,"nasermahmoud","thechessgod22",1772
"958",957,"MushoMelqonyan","ekonomisttt",1940
"959",958,"marsuki83","Gambitn",1884
"960",959,"BAT21","jimjones971",1446
"961",960,"bluffer007","Magnus-Carlsne",867
"962",961,"GreatBonFire","roman_9-game",1405
"963",962,"chesspawnrookking","Ponomarev_Denis",2520
"964",963,"Firdaus1987","Papa_Jabit",1399
"965",964,"Jesus-is-The-Messiah","kinggoldmouth",1767
"966",965,"DolaTello","fakir_p",1434
"967",966,"klk972","Wasserhai",1326
"968",967,"ashraf-badr1","rodriand16",1621
"969",968,"IAmCookie","Ehab_Yagan",1821
"970",969,"naveenkumar7","the_408",1910
"971",970,"James_O","IsmaelCB07",1500
"972",971,"Vladimirus05","Theodorehu",792
"973",972,"GreatPhara0h","Dalila_X",1003
"974",973,"chris-fabian","Lambarliwa",2112
"975",974,"Samzola","SheikYerbouti69",1689
"976",975,"vchess2901","ControlsFreak",1349
"977",976,"charo1","EL-CASTIGADOR",1637
"978",977,"joey_ardiente","Gdmonster22",2369
"979",978,"mdawg93ification","djomla777",1217
"980",979,"Thirdgreekgod","Pedro_Pimenta",2119
"981",980,"Timofj","SeekingSasquatch",1358
"982",981,"Aracuan8","schemeiso2",1185
"983",982,"hardos69","W00k1e",1915
"984",983,"Dagoth_Ur","Nachtwolfff",1666
"985",984,"LuisCorbetto","godrej",2196
"986",985,"hozzam3","asdfasdf4312",2041
"987",986,"ner84729","IKINDAKNOWTHERULES",1016
"988",987,"Coranger45","Neuro77",2129
"989",988,"LorenzoMartinez","antebr",1808
"990",989,"Amadore","hasan36",2236
"991",990,"Pawnchoss","citra_amelia95",1402
"992",991,"chas23","Dcdomi",1312
"993",992,"quiencreoelajedrez","takemybish",1847
"994",993,"MadsVonKleist","Facu_Ruarte",1582
"995",994,"Dahir_UD","leolmoss",1314
"996",995,"profjoseantunes","PAULORR",1759
"997",996,"Noryanjuegodurisimo","Tarantula_2009",2040
"998",997,"pompacinusret","X2WxWveQ6agk6qC",1793
"999",998,"Shumilov","KenMasamayor",1988
"1000",999,"faresbaha","SwissBeast",1773
